,area_name,city_name,state_name,country_name,_geoloc,popularity,elevation_gain,difficulty_rating,visitor_usage,avg_rating,num_reviews,features,activities,units,lat,lng,summer_temp,winter_temp,annual_rain,annual_snow,Region,Park Type,2022,2021,2020,2019,2018,2017,2016,2015,2014,2013,2012,2011,2010,2009,2008,2007,2006,2005,2004,2003,2002,2001,2000,1999,1998,1997,1996,1995,1994,1993,1992,1991,1990,1989,1988,1987,1986,1985,1984,1983,1982,1981,1980,visitor_pct_change
0,Kenai Fjords National Park,Seward,Alaska,United States,"{'lat': 60.18852, 'lng': -149.63156}",24.8931,1161.8976,5,3.0,5.0,423,"['dogs-no', 'forest', 'river', 'views', 'waterfall', 'wild-flowers', 'wildlife']","['birding', 'camping', 'hiking', 'nature-trips', 'trail-running']",i,60.18852,-149.63156,19.6,-14.096,1828.43,1042.097,Alaska Region,National Park,389943,411782,115882,356601,321596,303598,346534,296697,270666,283502,281279,346852,297596,218358,27219,284604,25163,258297,244232,243719,251799,262353,25479,290673,263948,306164,274034,230657,209516,189712,10813,107041,66115,75557,59017,60428,54296,35758,30703.0,24048.0,16118.0,,,-5.303534394412577
2,Grand Canyon National Park,Grand Canyon,Arizona,United States,"{'lat': 36.05735, 'lng': -112.14381}",37.4791,1525.8288,5,3.0,5.0,670,"['dogs-no', 'river', 'views', 'wild-flowers', 'wildlife']","['backpacking', 'camping', 'hiking', 'nature-trips']",i,36.05735,-112.14381,33.1,-13.196,254.03,56.833,Intermountain  Region,National Park,4732101,4532677,2897098,5974411,6380495,6254238,5969811,5520736,4756771,4564840,4421352,4298178,4388386,4348068,4425314,4413668,4279439,4401522,4326234,4124900,4001974,4104809,4460228,4575124,4239682,4791668,4537703,4557645,4364316,4575602,4203545,3886031,3776685,3966209,3859886,3513030,3035787,2711529,2173584.0,2248082.0,2293127.0,2472270.0,2304973.0,4.399695808900568
101,Saguaro National Park,Tucson,Arizona,United States,"{'lat': 32.23512, 'lng': -110.68683}",20.8545,326.7456,3,2.0,4.5,259,"['dogs-no', 'kids', 'views', 'waterfall', 'wild-flowers', 'wildlife']","['birding', 'hiking', 'nature-trips', 'trail-running', 'walking']",i,32.23512,-110.68683,40.0,-1.1,220.19,1.988,Intermountain  Region,National Park,908194,1079786,762226,1020226,957405,96476,820426,753446,673572,678261,634286,610045,717614,665234,699137,658477,619983,727208,651464,643697,615045,725874,765195,749014,71616,73941,671643,732813,768685,828267,810059,679034,702328,706191,675397,689933,613651,636711,699292.0,634688.0,566807.0,470598.0,611317.0,-15.891296979216252
161,Petrified Forest National Park,Holbrook,Arizona,United States,"{'lat': 34.93947, 'lng': -109.75639}",15.5733,32.9184,1,3.0,4.5,163,"['dogs-leash', 'kids', 'partially-paved', 'views']","['hiking', 'walking']",i,34.93947,-109.75639,35.4,-8.9,163.34,20.51,Intermountain  Region,National Park,505209,590334,384483,643588,644922,627757,643274,793225,836799,644648,664857,614054,664725,631613,543714,56359,581681,598378,580,586245,571586,583904,605192,666978,816506,823266,829495,935065,922927,936429,930031,874521,844592,824141,857031,758082,761257,736659,714761.0,708512.0,710619.0,747832.0,683121.0,-14.419803026761121
176,Hot Springs National Park,Hot Springs National Park,Arkansas,United States,"{'lat': 34.5256, 'lng': -93.03637}",12.9365,722.9856,5,2.0,4.0,103,"['dogs-leash', 'forest', 'hot-springs', 'views', 'wild-flowers']","['birding', 'hiking', 'nature-trips', 'trail-running']",i,34.5256,-93.03637,37.3,-3.7,1277.57,9.051,Midwest  Region,National Park,2646133,2162884,1348215,1467153,1506887,1561616,1544300,1418162,1424484,1325719,1302505,1396354,1311807,1284707,1238147,1300152,1273456,1340160,1418735,1561311,1440227,1296786,1338156,1384469,1495993,1509596,1538105,1617077,1618847,1477299,1504013,1203929,1123175,1272771,1185772,1101242,1175170,1112764,1071853.0,1160008.0,1015580.0,1177911.0,1160588.0,22.34280710384838
192,Yosemite National Park,Yosemite Valley,California,United States,"{'lat': 37.73495, 'lng': -119.56619}",68.1488,667.8168,3,3.0,5.0,1869,"['dogs-no', 'forest', 'partially-paved', 'river', 'views', 'waterfall', 'wild-flowers', 'wildlife']","['birding', 'hiking', 'nature-trips', 'walking']",i,37.73495,-119.56619,33.6,-7.9,682.85,216.02,Pacific West  Region,National Park,3667550,3287595,2268313,4422861,4009436,4336890,5028868,4150217,3882642,3691191,3853404,3951393,3901408,3737472,3431514,3503428,3242644,3304144,3280911,3378664,3361867,3368731,3400903,3493607,3657132,3669970,4046207,3958406,3962117,3839645,3819518,3423101,3124939,3308159,3216681,3152275,2876717,2831952,2738467.0,2457464.0,2415587.0,2516893.0,2490282.0,11.557232566663473
434,Sequoia National Park,Three Rivers,California,United States,"{'lat': 36.54685, 'lng': -118.76565}",44.1235,56.9976,3,3.0,4.5,701,"['dogs-no', 'river', 'views', 'waterfall', 'wild-flowers', 'wildlife']","['birding', 'hiking', 'nature-trips', 'rock-climbing', 'walking']",i,36.54685,-118.76565,27.8,-11.196,355.03,280.693,Pacific West  Region,National Park,1153198,1059548,796086,1246053,1229594,1291256,1254688,1097464,1039137,909274,1106584,1006583,1002979,96517,930011,979537,954507,1004843,1000177,979297,920292,870327,838947,873229,861303,1008931,83806,844582,1034133,1066552,961095,1120278,1063538,1056020,1031129,1139389,1056527,939468,979632.0,854233.0,1020500.0,1083002.0,862397.0,8.838674604642735
524,Joshua Tree National Park,Twentynine Palms,California,United States,"{'lat': 34.00264, 'lng': -116.13594}",37.0218,325.8312,3,3.0,4.5,917,"['dogs-no', 'kids', 'views', 'wild-flowers', 'wildlife']",['hiking'],i,34.00264,-116.13594,36.8,-2.3,125.23,8.099,Pacific West  Region,National Park,3058294,3064400,2399542,2988547,2942382,2853619,2505286,2025756,1589904,1383340,1396117,1396237,1434976,1304471,1392446,1298979,1256421,1375111,1243659,1283346,1178376,1280917,1233935,1316340,1410312,1226273,1095046,1235702,1184871,1252401,1220539,1145458,1022396,990214,955246,830085,783224,641172,663798.0,671426.0,673201.0,612966.0,545357.0,-0.19925597180524734
632,Lassen Volcanic National Park,Old Station,California,United States,"{'lat': 40.47458, 'lng': -121.5057}",32.6439,599.8464,5,3.0,5.0,614,"['dogs-no', 'forest', 'lake', 'hot-springs', 'river', 'views', 'wild-flowers', 'wildlife']","['birding', 'camping', 'hiking', 'nature-trips', 'rock-climbing', 'trail-running', 'cross-country-skiing']",i,40.47458,-121.5057,26.1,-15.3,374.89,416.094,Pacific West  Region,National Park,446291,359635,542274,517039,499435,507256,536068,468092,432977,427409,407653,351269,38457,365639,377361,395057,388741,365535,379667,404384,388149,376695,374911,353756,318049,391816,351632,351001,385489,434264,468011,463179,460917,466115,495628,472431,439723,451497,463275.0,429867.0,414859.0,415045.0,394425.0,24.09554131271984
691,Kings Canyon National Park,Hume,California,United States,"{'lat': 36.79495, 'lng': -118.58315}",31.6191,270.9672,3,3.0,5.0,315,"['dogs-no', 'forest', 'river', 'views', 'waterfall', 'wild-flowers', 'wildlife']","['birding', 'fishing', 'hiking', 'horseback-riding']",i,36.79495,-118.58315,31.6,-9.3,355.03,280.693,Pacific West  Region,National Park,640986,562918,415077,63211,699023,692932,607479,468106,502268,567544,591033,56681,598205,609296,57487,580129,552766,594893,525035,555987,54542,541787,528987,559534,540212,484718,502749,832794,72593,636515,637446,1071022,1062867,1037349,1007695,1081172,1028785,874456,937262.0,765755.0,831044.0,77685.0,819065.0,13.868449756447653
752,Pinnacles National Park,Paicines,California,United States,"{'lat': 36.48145, 'lng': -121.18174}",25.0432,484.9368,5,3.0,4.5,282,"['cave', 'dogs-no', 'forest', 'lake', 'views', 'wild-flowers', 'wildlife']","['birding', 'hiking', 'nature-trips', 'rock-climbing', 'trail-running']",i,36.48145,-121.18174,37.1,0.4,329.41,0.413,Pacific West  Region,National Park,275023,348857,16574,177224,222152,233334,215555,206533,196635,237677,224476,393219,246575,171112,166988,161019,158824,170994,157397,162791,162266,178243,16211,164854,94639,171971,164465,177527,172642,194757,191683,19261,214268,218601,212094,204705,198236,191578,166258.0,170631.0,171026.0,155205.0,163626.0,-21.16454593142749
779,Death Valley National Park,Death Valley,California,United States,"{'lat': 36.23035, 'lng': -116.7668}",23.0844,2.7432,1,3.0,4.5,259,"['dogs-no', 'kids', 'views', 'wildlife']","['birding', 'hiking', 'nature-trips', 'walking']",i,36.23035,-116.7668,49.2,5.2,79.63,0.525,Pacific West  Region,National Park,1128862,1146551,820023,1740945,1678660,1294827,1296283,1154843,1101312,951972,984568,946867,984775,828574,871938,704122,74444,800113,76482,890375,897596,1014636,1179094,1227583,1177746,1188212,1189215,1109421,971487,998474,869183,743608,690965,664449,692267,665345,586668,576679,621197.0,635582.0,679992.0,630402.0,61814.0,-1.5428009744006155
858,Redwood National Park,Trinidad,California,United States,"{'lat': 41.20785, 'lng': -123.99318}",21.9301,227.9904,3,2.0,4.5,247,"['dogs-no', 'forest', 'kids', 'river', 'views', 'wildlife']","['birding', 'hiking', 'nature-trips', 'trail-running', 'walking']",i,41.20785,-123.99318,25.3,1.4,1433.99,34.314,Pacific West  Region,National Park,4584,435879,265177,504722,482536,445,536297,527143,429166,393364,352517,380167,41882,444426,396899,385171,38378,394144,392029,408126,404789,388352,383253,369726,383188,382488,426938,552464,475033,421027,387781,36628,348458,654115,677135,610897,567849,505791,467155.0,473711.0,467126.0,549461.0,47171.0,-98.94833199121774
880,Channel Islands National Park,Ventura,California,United States,"{'lat': 34.04983, 'lng': -119.55657}",14.0568,183.7944,1,1.0,4.5,103,"['beach', 'dogs-no', 'kids', 'views', 'wild-flowers', 'wildlife']","['birding', 'camping', 'hiking', 'nature-trips', 'trail-running', 'walking']",i,34.04983,-119.55657,29.5,8.2,290.85,0.0,Pacific West  Region,National Park,323245,319252,16729,40963,36625,383687,364807,324816,342161,212029,249594,242756,277515,348745,332177,360806,375256,434107,537716,585919,613935,520428,482571,607057,57427,488757,490715,525882,175226,184867,169181,149263,144083,152662,168592,174607,172913,164132,203411.0,205024.0,172287.0,87514.0,104574.0,1.2507360956235198
902,Rocky Mountain National Park,Estes Park,Colorado,United States,"{'lat': 40.31177, 'lng': -105.64533}",83.0341,215.7984,3,4.0,4.5,2991,"['dogs-no', 'forest', 'lake', 'kids', 'partially-paved', 'river', 'views', 'wild-flowers', 'wildlife']","['birding', 'fishing', 'hiking', 'nature-trips', 'snowshoeing', 'walking', 'fly-fishing']",i,40.31177,-105.64533,24.2,-21.1,255.65,257.348,Intermountain  Region,National Park,4300424,4434848,3305199,4670053,4590493,4437215,4517585,4155916,3434751,2991141,3229617,3176941,2955821,2822325,2757390,2895383,2743676,2798368,2781899,3067256,2988475,3139685,3185392,3186323,3035422,2965354,2923755,2878169,2968450,2780342,2788868,2751781,2647323,2502915,2544211,2531864,2408234,2248854,2231448.0,2599006.0,2564116.0,2911242.0,2641937.0,-3.031084718123372
1109,Mesa Verde National Park,Mesa Verde National Park,Colorado,United States,"{'lat': 37.18421, 'lng': -108.48892}",18.1745,131.9784,3,3.0,4.5,240,"['dogs-no', 'kids', 'views', 'wild-flowers', 'wildlife']","['birding', 'hiking', 'nature-trips', 'trail-running']",i,37.18421,-108.48892,32.1,-19.3,278.39,108.675,Intermountain  Region,National Park,49979,548477,287477,556203,56342,613788,583527,547325,501563,460237,48886,572329,559712,550377,551446,541102,557248,498333,446811,43859,406385,513409,452287,635736,604556,62772,61736,663794,685031,666054,74208,678075,611375,600045,772183,728566,658888,656271,516865.0,604115.0,602968.0,588608.0,539257.0,-90.8876762380191
1126,Black Canyon of the Gunnison National Park,Montrose,Colorado,United States,"{'lat': 38.56251, 'lng': -107.74201}",16.2627,123.7488,1,1.0,4.5,173,"['dogs-no', 'forest', 'kids', 'river', 'views', 'wildlife']","['birding', 'hiking', 'nature-trips', 'walking']",i,38.56251,-107.74201,28.1,-23.396,178.65,225.372,Intermountain  Region,National Park,297257,30891,34162,432818,308962,307143,238018,209166,183045,175852,19257,168336,176344,171451,160185,219576,16045,180814,175581,167247,173687,181018,191506,200142,193451,209863,200125,221113,214194,319322,337209,316336,275323,288586,269073,285439,289117,266012,253048.0,291618.0,227428.0,266604.0,336119.0,862.2770386196628
1150,Everglades National Park,Miami,Florida,United States,"{'lat': 25.7567, 'lng': -80.76584}",13.6862,6.7056,1,3.0,4.5,150,"['ada', 'dogs-no', 'kids', 'paved', 'strollers', 'views', 'wild-flowers', 'wildlife']","['birding', 'road-biking', 'trail-running', 'walking']",i,25.7567,-80.76584,34.296,8.904,1472.13,0.0,Southeast  Region,National Park,1155193,94213,702319,1118300,597124,1018557,930907,1077427,1110901,1047116,1141906,934351,915538,900882,822118,1074764,954022,1233837,1181355,1040648,968909,1049851,99539,1073982,1118215,989532,890167,820466,886455,973706,1025686,1292014,957925,913372,1026188,787493,739072,697646,628658.0,577439.0,550168.0,564721.0,744244.0,1126.1503189581056
1174,Biscayne National Park,Miami,Florida,United States,"{'lat': 25.53849, 'lng': -80.33091}",5.8949,0.9144,1,1.0,4.0,16,"['beach', 'dogs-no', 'kids', 'paved', 'views', 'wildlife']","['birding', 'fishing', 'nature-trips', 'paddle-sports', 'road-biking', 'trail-running', 'walking', 'sea-kayaking', 'canoeing']",i,25.53849,-80.33091,32.2,12.3,1176.51,0.0,Southeast  Region,National Park,701023,705655,40277,708522,469253,446961,514709,508164,525745,486848,495613,476077,467612,437745,686062,517442,608836,563728,478304,490031,513397,489343,393151,442585,403239,392069,338603,584519,25147,1995,307512,488134,573376,589957,531036,607968,578013,460921,340567.0,369082.0,348219.0,305502.0,248071.0,-0.6564114191779269
1178,Dry Tortugas National Park,Key West,Florida,United States,"{'lat': 24.62723, 'lng': -82.87242}",5.1776,0.9144,1,3.0,4.5,10,"['beach', 'kids', 'views', 'wildlife']","['birding', 'camping', 'hiking', 'nature-trips', 'paddle-sports', 'walking', 'canoeing']",i,24.62723,-82.87242,29.8,16.904,847.36,0.0,Southeast  Region,National Park,78488,83817,48543,792,5681,54281,73661,70862,64865,58401,6055,75171,5389,52011,63947,60895,64122,61765,67917,74741,79582,79186,83704,74186,60136,47224,35127,3287,16736,2402,21581,18231,19402,19441,16937,16315,15379,13213,119.0,11004.0,107.0,1015.0,8644.0,-6.357898755622368
1179,Indiana Dunes National Park,Chesterton,Indiana,United States,"{'lat': 41.64508, 'lng': -87.0857}",15.7128,64.9224,3,2.0,4.5,204,"['beach', 'dogs-no', 'forest', 'lake', 'kids', 'wild-flowers', 'wildlife']","['birding', 'hiking', 'nature-trips', 'snowshoeing', 'trail-running', 'cross-country-skiing']",i,41.64508,-87.0857,30.9,-14.496,945.66,84.161,Midwest  Region,National Park,2834180,3177210,2293106,2134285,1756079,2158471,1698223,1640195,1553372,1681695,1889381,1840513,2150345,1944568,1833596,1972344,1938132,2127336,1810330,1953449,1989941,1735404,1820228,1748047,2108789,1483782,1526166,1696488,1699958,1763094,1973098,2058801,1919901,1791902,1885376,1576238,1676583,1800326,1560428.0,1510630.0,1066573.0,1023436.0,1222874.0,-10.796579388834857
1195,Mammoth Cave National Park,Mammoth Cave,Kentucky,United States,"{'lat': 37.18836, 'lng': -86.101}",15.2418,169.7736,3,1.0,4.5,157,"['cave', 'dogs-leash', 'forest', 'kids', 'river', 'views']","['birding', 'camping', 'hiking', 'nature-trips', 'trail-running', 'walking']",i,37.18836,-86.101,34.3,-7.6,1319.94,24.171,Southeast  Region,National Park,663147,515774,290392,55159,533206,587853,586514,566895,522628,494541,508054,483319,497225,503856,446174,487305,597934,1878006,1888267,1869137,1891307,1883580,1749268,1710983,2113992,1997658,1896829,1935709,2009935,2396234,2392858,2158195,1924538,1672840,1735610,1636340,1646673,1507939,1501450.0,1498503.0,1526676.0,1404317.0,1495787.0,28.573173521736265
1223,Acadia National Park,Bar Harbor,Maine,United States,"{'lat': 44.33153, 'lng': -68.1852}",43.9161,148.7424,5,3.0,5.0,1123,"['beach', 'dogs-no', 'forest', 'lake', 'views', 'wild-flowers', 'wildlife']","['birding', 'hiking', 'nature-trips', 'rock-climbing']",i,44.33153,-68.1852,22.9,-14.0,955.82,149.891,Northeast  Region,National Park,3970260,4069098,2669034,3437286,3537575,3509271,3303393,2811184,2563129,2254922,2431052,2374645,2504208,2227698,2075857,2202228,2083588,2051484,2207847,2431062,2558572,2516551,2469238,2602227,2594497,2760306,2704831,2845378,2710749,2656034,2382113,2475857,2339591,5440952,4502283,4288154,3929054,3745570,3734763.0,4124639.0,3572114.0,2997972.0,2779666.0,-2.428990405244602
1402,Isle Royale National Park,Mohawk,Michigan,United States,"{'lat': 47.91214, 'lng': -89.15641}",7.5075,1216.7616,5,2.0,4.0,24,"['dogs-no', 'forest', 'lake', 'river', 'wildlife']","['backpacking', 'birding', 'camping', 'hiking', 'nature-trips']",i,47.91214,-89.15641,21.7,-19.7,516.16,148.911,Midwest  Region,National Park,25454,25844,6493,2641,25798,28196,24966,18684,1456,16274,16663,15892,15793,14653,14038,15973,1707,17398,17276,178,19463,19431,21096,23493,23932,21381,23445,2347,24843,21983,22728,22004,23495,27133,26593,3176,26122,16775,11814.0,12928.0,13238.0,14558.0,14977.0,-1.5090543259557343
1406,Voyageurs National Park,Kabetogama,Minnesota,United States,"{'lat': 48.43195, 'lng': -92.85024}",4.9529,117.9576,3,1.0,4.0,20,"['dogs-no', 'forest', 'lake', 'river', 'views', 'wild-flowers', 'wildlife']","['birding', 'fishing', 'hiking', 'nature-trips', 'walking']",i,48.43195,-92.85024,28.9,-27.1,603.6,129.059,Midwest  Region,National Park,221434,243042,263091,232974,239656,23725,241912,238313,23916,23339,214841,177184,253891,222429,221585,22065,231875,234577,249041,234231,238227,243374,227371,228898,231958,223418,246588,210938,224181,228143,227498,221857,223554,209626,223735,201727,172137,183984,154723.0,146454.0,143724.0,25749.0,266935.0,-8.890644415368538
1413,Gateway Arch National Park,St. Louis,Missouri,United States,"{'lat': 38.63514, 'lng': -90.18118}",6.1208,109.728,1,2.0,4.0,25,"['ada', 'city-walk', 'dogs-leash', 'paved', 'river', 'strollers']","['mountain-biking', 'road-biking', 'trail-running', 'walking']",i,38.63514,-90.18118,35.0,-10.896,1064.08,37.009,Midwest  Region,National Park,1618774,1145081,486021,2055309,2016180,1398188,1271855,1698656,1817091,2377258,2496726,2259020,2436110,2360109,1954810,2385387,2572072,2944976,2779350,2685219,3333454,3532524,3458956,3481042,3420352,3420076,3649308,3234977,2553696,2539740,2415514,2622425,2382612,2518712,2477458,2364694,2311147,2140316,1709993.0,2948022.0,2967323.0,2282261.0,1928825.0,41.367641241099975
1415,Glacier National Park,Babb,Montana,United States,"{'lat': 48.79724, 'lng': -113.66887}",49.8766,658.9776,5,3.0,5.0,1198,"['dogs-no', 'forest', 'lake', 'river', 'views', 'wild-flowers', 'wildlife']","['birding', 'fishing', 'hiking', 'nature-trips', 'fly-fishing']",i,48.79724,-113.66887,27.7,-21.396,320.61,225.113,Intermountain  Region,National Park,2908458,3081656,1698864,3049839,2965309,3305512,2946681,2366056,2338528,2190374,2162035,1853564,2200048,2031348,1808027,2083329,1964399,1925101,2033933,1664046,1905689,1680614,1728693,1684604,1830944,1708856,1720805,1839518,2152989,2141704,2199767,2096966,1986737,1821523,1817733,1660737,1579151,1603011,1946703.0,2203847.0,1666114.0,1786523.0,1474578.0,-5.620289870121779
1547,Yellowstone National Park,Gardiner,Montana,United States,"{'lat': 44.97375, 'lng': -110.70442}",16.1935,232.8672,3,3.0,4.5,187,"['dogs-no', 'forest', 'lake', 'kids', 'views', 'wild-flowers', 'wildlife']","['birding', 'hiking', 'nature-trips', 'trail-running', 'walking', 'cross-country-skiing', 'horseback-riding']",i,44.97375,-110.70442,28.4,-21.896,311.17,314.363,Intermountain  Region,National Park,3290242,4860242,3806306,4020288,4115000,4116524,4257177,4097710,3513484,3188030,3447729,3394326,3640185,3295187,3066580,3151343,2870295,2835651,2868317,3019375,2973677,2758526,2838233,3131381,3120830,2889513,3012171,3125285,3046145,2912193,3144405,2920537,2823572,2644442,2182113,2573194,2363756,2226159,2222027.0,2347242.0,2368897.0,2521831.0,2000269.0,-32.3029182497497
1775,Great Basin National Park,Baker,Nevada,United States,"{'lat': 39.01731, 'lng': -114.30329}",15.7517,885.7488,5,3.0,5.0,135,"['dogs-no', 'forest', 'lake', 'river', 'views', 'wild-flowers', 'wildlife']","['birding', 'hiking', 'nature-trips']",i,39.01731,-114.30329,25.0,-22.396,163.05,129.115,Pacific West  Region,National Park,142115,144875,120248,131802,153094,168028,144846,116123,107526,92893,9485,91451,8887,84974,69235,81364,78524,77741,79879,8702,85777,81712,81045,90119,80363,9076,86635,87829,88024,91915,69144,63864,65026,70259,73559,63532,40359,36343,37676.0,30335.0,32264.0,33367.0,33383.0,-1.9050905953408108
1797,Carlsbad Caverns National Park,Carlsbad,New Mexico,United States,"{'lat': 32.17565, 'lng': -104.44342}",15.1743,13.716,1,4.0,5.0,144,"['ada', 'cave', 'dogs-no', 'kids', 'paved', 'strollers', 'views']","['hiking', 'nature-trips', 'walking']",i,32.17565,-104.44342,37.4,-4.896,275.69,13.755,Intermountain  Region,National Park,390932,349244,183835,440691,465912,520026,466773,44572,397309,388566,381058,365,428524,432639,400381,40956,407367,413786,419599,457631,476259,455621,469303,514418,522076,540797,557217,588609,617087,687161,688742,67945,747016,792378,786135,7813,752552,732482,712989.0,712247.0,781963.0,771766.0,672963.0,11.936640285874631
1805,Great Smoky Mountains National Park,Bryson City,North Carolina,United States,"{'lat': 35.55689, 'lng': -83.4961}",38.1531,100.8888,1,3.0,4.5,943,"['dogs-no', 'forest', 'kids', 'paved', 'views', 'wild-flowers', 'wildlife']","['birding', 'nature-trips', 'walking']",i,35.55689,-83.4961,22.4,-14.096,1399.33,50.547,Southeast  Region,National Park,12937633,14161548,12095720,12547743,11421200,11338893,11312786,10712674,10099276,9354695,9685829,9008830,9463538,9491437,9044010,9372253,9289215,9192477,9167046,9366845,9316420,9197697,10175812,10283598,9989395,9965075,9265667,9080420,8628174,9283848,8931690,8654459,8151769,8333553,8770781,10209841,9836306,9319290,8508390.0,8435475.0,8177869.0,8312884.0,8440953.0,-8.642522695965159
2098,Theodore Roosevelt National Park,Fairfield,North Dakota,United States,"{'lat': 46.98863, 'lng': -103.48513}",10.4755,16.764,1,,4.5,90,"['dogs-no', 'kids', 'river', 'views']","['hiking', 'nature-trips', 'walking']",i,46.98863,-103.48513,33.7,-23.792,367.09,72.912,Midwest  Region,National Park,668679,796085,551303,691658,749389,708003,75388,580033,55958,54509,640555,563407,623748,586928,516804,456588,435359,493198,474589,490295,471551,446609,431813,431311,448286,393265,436081,460699,505349,47516,475937,468926,460718,459171,413527,424846,390553,377152,361139.0,415118.0,677014.0,702873.0,595734.0,-16.00406991715709
2121,Cuyahoga Valley National Park,Hudson,Ohio,United States,"{'lat': 41.22386, 'lng': -81.51015}",29.5094,46.9392,3,3.0,4.5,709,"['cave', 'dogs-leash', 'forest', 'historic-site', 'kids', 'views', 'wild-flowers', 'wildlife']","['hiking', 'nature-trips', 'trail-running']",i,41.22386,-81.51015,31.2,-16.296,1036.68,91.413,Midwest  Region,National Park,2913312,2575275,2755628,2237997,2096053,2226879,2423390,2284612,2189849,2103010,2299722,2161185,2492670,2589288,2828233,2486656,2468816,2533827,3306175,2879591,3217935,3123353,3324918,3324284,3467107,3527837,3455878,3195207,3266401,2266139,1430382,1358984,1200622,1159648,1229717,1113405,1042148,1004858,1018828.0,939562.0,717815.0,5963.0,5633.0,13.126248653056468
2171,Crater Lake National Park,Crater Lake,Oregon,United States,"{'lat': 42.91, 'lng': -122.14199}",30.6183,325.8312,3,4.0,4.5,416,"['dogs-no', 'forest', 'lake', 'kids', 'partially-paved', 'views', 'wild-flowers', 'wildlife']","['birding', 'hiking', 'nature-trips', 'snowshoeing', 'walking']",i,42.91,-122.14199,26.6,-13.2,398.06,382.585,Pacific West  Region,National Park,527259,647751,6705,704512,720659,711749,756344,614712,535508,523027,447251,423551,448319,446516,415686,468958,388972,44724,417066,479183,45662,457373,426883,417992,471865,451548,476957,496041,454215,381747,461668,456931,384941,430734,44343,46055,402789,390604,419829.0,379008.0,435589.0,503404.0,455143.0,-18.601592278514428
2193,Congaree National Park,Hopkins,South Carolina,United States,"{'lat': 33.82994, 'lng': -80.8225}",13.1392,3.9624,1,3.0,4.0,152,"['dogs-leash', 'forest', 'lake', 'kids', 'river', 'views', 'wildlife']","['birding', 'nature-trips', 'walking', 'canoeing']",i,33.82994,-80.8225,35.9,-1.696,1125.75,2.24,Southeast  Region,National Park,204522,215181,119306,159445,145929,159595,143843,87513,120122,12034,109685,120166,121208,12297,104913,115524,134045,84301,126247,107114,10162,119738,95619,82223,93725,70716,62614,67949,67756,54669,40018,30975,23223,25445,26257,20312,16508,12332,,,,,,-4.953504259205041
2200,Badlands National Park,Interior,South Dakota,United States,"{'lat': 43.76031, 'lng': -101.92808}",24.4547,39.9288,3,2.0,4.5,419,"['cave', 'dogs-no', 'kids', 'views', 'waterfall', 'wild-flowers', 'wildlife']","['birding', 'hiking', 'nature-trips']",i,43.76031,-101.92808,35.7,-20.096,371.66,87.535,Midwest  Region,National Park,1006809,1224226,916932,970998,1008942,1054325,996263,989354,868094,892372,883406,870741,977778,933918,845734,886654,840118,909146,93603,871034,908898,955469,1105824,950453,1021049,970696,1024705,1075569,1130459,1179458,1205297,1518396,1326475,1237956,1110040,1174398,1025630,950242,1113675.0,1026981.0,1030484.0,1175952.0,952652.0,-17.759547665218676
2210,Wind Cave National Park,Custer,South Dakota,United States,"{'lat': 43.62278, 'lng': -103.48582}",9.5257,72.8472,3,1.0,4.5,74,"['dogs-no', 'kids', 'views', 'wild-flowers']","['hiking', 'nature-trips', 'walking']",i,43.62278,-103.48582,32.3,-19.6,516.43,126.63,Midwest  Region,National Park,607418,709001,448405,61535,656397,619924,617377,612198,547022,516142,529083,538394,577141,587868,573433,603158,591049,612478,593877,874167,810298,650357,668507,761717,849974,832033,781171,805688,871061,537075,660296,597057,586464,561758,578016,56372,483334,477585,536022.0,503739.0,467392.0,503424.0,473061.0,-14.327624361601746
2220,Guadalupe Mountains National Park,Salt Flat,Texas,United States,"{'lat': 31.89666, 'lng': -104.82815}",31.1233,873.8616,5,3.0,5.0,733,"['dogs-no', 'forest', 'views', 'wildlife']","['backpacking', 'birding', 'camping', 'hiking', 'nature-trips']",i,31.89666,-104.82815,34.1,-4.8,219.85,10.584,Intermountain  Region,National Park,219987,243291,151256,188833,172347,225257,181839,169535,166868,14567,15936,152546,19221,198882,163709,16511,174157,170383,182351,181357,202911,222307,198762,219591,227924,23198,223485,208972,20352,201054,17512,200398,19289,168872,17891,156344,163313,147758,151862.0,142736.0,14062.0,142641.0,113825.0,-9.578652724515086
2244,Big Bend National Park,Big Bend National Park,Texas,United States,"{'lat': 29.2744, 'lng': -103.28635}",28.6477,334.9752,3,3.0,5.0,395,"['dogs-no', 'forest', 'views', 'wild-flowers', 'wildlife']","['birding', 'hiking', 'nature-trips', 'walking']",i,29.2744,-103.28635,34.3,-4.296,189.87,4.452,Intermountain  Region,National Park,514107,58122,393907,463832,440091,440276,38829,381747,314102,316953,292055,361862,37233,363905,362512,364856,298717,398583,357723,312384,327747,328927,26232,327649,338442,305882,279454,29546,330417,327907,294535,29647,257378,281728,239595,227921,200622,188045,167665.0,164926.0,180144.0,167332.0,174008.0,784.5308144936513
2314,Zion National Park,Springdale,Utah,United States,"{'lat': 37.25928, 'lng': -112.95166}",84.6229,492.8616,5,4.0,5.0,3903,"['dogs-no', 'partially-paved', 'river', 'views', 'wild-flowers', 'wildlife']","['hiking', 'nature-trips', 'trail-running']",i,37.25928,-112.95166,36.8,-12.4,247.55,33.936,Intermountain  Region,National Park,4692417,5039835,3591254,4488268,4320033,4504812,4295127,3648846,3189696,2807387,2973607,2825505,2665972,2735402,2690154,2657281,2567350,2586665,2677342,2458792,2592545,2217779,2432348,2449664,2370048,2445534,2498001,2430162,2270871,2392580,2390626,2236997,2102400,1998856,1948332,1777619,1670503,1503272,1377254.0,1273030.0,1246290.0,1288808.0,1123846.0,-6.893439963808339
2408,Arches National Park,Moab,Utah,United States,"{'lat': 38.73568, 'lng': -109.5205}",63.6748,186.8424,3,3.0,5.0,2332,"['dogs-no', 'kids', 'partially-paved', 'views', 'wild-flowers', 'wildlife']","['birding', 'hiking', 'nature-trips', 'rock-climbing', 'walking']",i,38.73568,-109.5205,38.7,-15.9,151.78,25.949,Intermountain  Region,National Park,1460652,1806865,1238083,1659702,1663557,1539028,1585718,1399247,1284767,1082866,1070577,1040758,1014405,996312,928795,860181,833049,78167,733131,757781,769672,754026,786429,86998,837161,858525,856016,859374,777178,773678,799831,705882,620719,555809,520455,468916,419444,363464,34518.0,287875.0,339415.0,326508.0,290519.0,-19.160977715545986
2456,Bryce Canyon National Park,Bryce,Utah,United States,"{'lat': 37.62328, 'lng': -112.16706}",52.0201,189.8904,3,4.0,5.0,1097,"['dogs-no', 'forest', 'kids', 'views', 'wildlife']","['birding', 'hiking', 'nature-trips', 'walking']",i,37.62328,-112.16706,29.596,-20.7,223.35,165.417,Intermountain  Region,National Park,2354660,2104600,1464655,2594904,2679478,2571684,2365110,1745804,1435741,1311875,1385352,1296000,1285492,1216377,1043321,1012563,890676,1017681,987253,90376,886436,1068619,1099275,1081521,1166331,1174824,1269600,994548,1028134,1107951,1018174,929067,862659,808045,791348,718342,578018,500782,495104.0,472633.0,471517.0,474092.0,571541.0,11.881592701701035
2487,Canyonlands National Park,Moab,Utah,United States,"{'lat': 38.38925, 'lng': -109.86797}",36.2363,18.8976,1,3.0,4.5,725,"['dogs-no', 'kids', 'views', 'wild-flowers', 'wildlife']","['birding', 'hiking', 'nature-trips', 'walking']",i,38.38925,-109.86797,34.2,-16.4,170.1,59.577,Intermountain  Region,National Park,779147,911594,493914,733996,739449,742271,776218,634607,542431,462242,452952,473773,435908,436241,436715,41756,392537,393381,371706,386986,367078,368592,401558,44616,436524,432697,447527,448769,429921,434844,395698,339315,276831,257411,2121,172384,172987,116672,102533.0,100022.0,97079.0,89915.0,56505.0,-14.529165395998659
2564,Capitol Reef National Park,Torrey,Utah,United States,"{'lat': 38.28875, 'lng': -111.2276}",30.0493,129.8448,3,3.0,4.5,597,"['dogs-no', 'kids', 'views', 'wild-flowers', 'wildlife']","['birding', 'hiking', 'nature-trips', 'trail-running', 'walking']",i,38.28875,-111.2276,35.4,-15.996,122.81,41.524,Intermountain  Region,National Park,1227608,1405353,981038,1226519,1227627,1150165,1064904,941029,786514,66367,673345,668834,662661,617208,604811,554907,511511,550255,549708,535441,525646,52776,612656,680153,656026,62568,678012,648864,605324,610707,675837,618056,562477,515278,469556,428808,383742,320503,29623.0,331734.0,289486.0,397789.0,342788.0,-12.647711998337785
2606,Shenandoah National Park,Syria,Virginia,United States,"{'lat': 38.57052, 'lng': -78.28729}",59.6754,736.7016,5,4.0,5.0,2278,"['dogs-no', 'forest', 'partially-paved', 'river', 'views', 'wild-flowers', 'wildlife']","['backpacking', 'birding', 'camping', 'hiking', 'nature-trips', 'rock-climbing', 'trail-running']",i,38.57052,-78.28729,33.5,-8.992,1076.83,49.371,Northeast  Region,National Park,1449300,1592312,1666265,1425507,1264880,1458874,1437341,1321873,1255321,1136505,1210200,1209883,1253386,1120981,1075878,1107227,1076150,1094912,1261000,1163950,1389244,1498561,1419579,1339286,1473100,1587790,1571019,1757794,1926883,1951366,1822193,1939486,1771780,1873817,1937155,1767727,1843985,1933085,1869307.0,1768378.0,1751972.0,1819546.0,1699228.0,-8.98140565416828
2793,Mount Rainier National Park,Ashford,Washington,United States,"{'lat': 46.93736, 'lng': -121.8677}",49.5524,463.9056,3,3.0,4.5,873,"['dogs-no', 'forest', 'lake', 'views', 'wild-flowers', 'wildlife']","['hiking', 'nature-trips']",i,46.93736,-121.8677,25.492,-12.496,639.91,720.041,Pacific West  Region,National Park,1622395,1670063,1160754,1501621,1518491,1415867,1356913,1237231,1264259,1148552,1049178,1038229,1191754,1151654,1163227,1047685,1113601,1173897,1217750,1262351,1310390,1301103,1344833,1291397,1353793,1315773,1338961,1438227,1426244,1365213,1522057,1549412,1327101,1354302,1255618,1292027,1298457,1165640,1152411.0,1106306.0,1007300.0,1233671.0,1268256.0,-2.854263581673266
2923,Olympic National Park,Port Angeles,Washington,United States,"{'lat': 47.97651, 'lng': -123.5178}",42.0778,242.9256,3,3.0,4.5,621,"['dogs-no', 'forest', 'partially-paved', 'river', 'views', 'wild-flowers', 'wildlife']","['birding', 'hiking', 'nature-trips', 'snowshoeing']",i,47.97651,-123.5178,23.596,-13.1,1504.85,601.783,Pacific West  Region,National Park,2432972,2718925,2499177,3245806,3104455,3401996,3390221,3263761,3243872,3085340,2824908,2966502,2844563,3276459,3081451,2988686,2749197,3142774,3073722,3225327,3691310,3416069,3327722,3364266,3577007,3846709,3348723,3658615,3381573,2679598,3030195,2759673,2794903,2737611,2959122,2822850,2940034,2532145,2759011.0,2410722.0,2478739.0,2306032.0,2032418.0,-10.51713452927168
3093,North Cascades National Park,Stehekin,Washington,United States,"{'lat': 48.51941, 'lng': -120.67423}",26.4301,291.9984,3,3.0,4.5,287,"['dogs-no', 'forest', 'lake', 'kids', 'river', 'views', 'wild-flowers', 'wildlife']","['birding', 'fishing', 'hiking', 'nature-trips', 'rock-climbing', 'snowshoeing', 'trail-running', 'walking', 'fly-fishing']",i,48.51941,-120.67423,25.2,-16.396,360.63,818.944,Pacific West  Region,National Park,30154,17855,30885,38208,30085,30326,28646,20677,23865,21623,26935,19208,24659,26972,18725,19534,19167,18686,16912,20724,20691,27739,25704,21488,32753,27203,2791,65984,19323,21378,20295,22796,456444,391433,605967,651606,683056,629234,637836.0,858041.0,857016.0,829026.0,796079.0,68.8826659199104
3113,Grand Teton National Park,Moose,Wyoming,United States,"{'lat': 43.7672, 'lng': -110.74426}",39.53,343.8144,3,3.0,5.0,669,"['dogs-no', 'forest', 'lake', 'river', 'views', 'waterfall', 'wild-flowers', 'wildlife']","['camping', 'hiking']",i,43.7672,-110.74426,27.8,-19.296,338.67,458.248,Intermountain  Region,National Park,2806223,3885230,3289638,3405614,3491151,3317000,3270076,3149921,2791392,2688794,2705256,2587437,2669374,2580081,2485987,2588574,2406476,2463442,2360373,2355693,2612629,2535108,2590624,2680025,2757060,2658762,2733439,2731015,2540699,2568689,1744636,1625752,1588253,1331659,1232691,1450791,1306322,1334483,1360898.0,1532035.0,2534029.0,2643644.0,2555627.0,-27.77202379267122
3215,Hawaii Volcanoes National Park,Pahala,Hawaii,Hawaii,"{'lat': 19.41648, 'lng': -155.24294}",25.6723,209.7024,3,3.0,4.5,473,"['dogs-no', 'forest', 'kids', 'views', 'wild-flowers', 'wildlife']","['hiking', 'nature-trips', 'walking']",m,19.41648,-155.24294,22.3,10.9,2347.52,0.0,Pacific West  Region,National Park,1580961,1262747,589775,1368376,1116891,2016702,1887580,1832660,1693005,1583209,1483928,1352123,1304667,1233105,1270538,1467779,1612246,1661196,1307391,1122524,1110998,1343286,1514636,1502855,1352373,1832087,1231557,1175028,1174289,1143741,1151661,1238653,1096816,1056188,983007,1006058,898023,816652,2008608.0,2247974.0,1995397.0,1931852.0,1692338.0,25.200139061902345
3250,Haleakala National Park,Hana,Maui,Hawaii,"{'lat': 20.66233, 'lng': -156.04445}",33.3147,249.936,3,4.0,5.0,697,"['dogs-no', 'forest', 'river', 'views', 'waterfall', 'wild-flowers', 'wildlife']","['birding', 'hiking', 'nature-trips', 'trail-running', 'walking']",m,20.66233,-156.04445,28.296,20.2,1837.89,0.0,Pacific West  Region,National Park,1087616,853181,319147,994394,1044084,1112390,1263558,1216772,1142040,7853,1094668,956989,1105606,1109104,1185068,1322817,1426068,1474681,1455477,1444668,1521080,1410974,1620083,1963187,1476842,1673561,1553344,1594596,1527329,1317433,1183124,1228332,1260601,1367761,1314683,1333900,1281219,1194651,1003821.0,864289.0,771762.0,631684.0,560238.0,27.47775677142365
